,Player,Pos,Age,Tm,G,GS,MP,FG,FGA,FG%,3P,3PA,3P%,2P,2PA,2P%,eFG%,FT,FTA,FT%,ORB,DRB,TRB,AST,STL,BLK,TOV,PF,PTS
0,Kareem Abdul-Jabbar*,C,40,LAL,80,80,28.9,6.0,11.3,0.532,0.0,0.0,0.0,6.0,11.3,0.532,0.532,2.6,3.4,0.762,1.5,4.5,6.0,1.7,0.6,1.2,2.0,2.7,14.6
1,Mark Acres,C,25,BOS,79,5,14.6,1.4,2.6,0.532,0.0,0.0,0.0,1.4,2.6,0.532,0.532,0.9,1.4,0.64,1.3,2.1,3.4,0.5,0.4,0.3,0.7,2.5,3.6
2,Michael Adams,PG,25,DEN,82,75,33.9,5.1,11.3,0.449,1.7,4.6,0.367,3.4,6.7,0.505,0.524,2.0,2.4,0.834,0.5,2.2,2.7,6.1,2.0,0.2,1.8,1.7,13.9
3,Mark Aguirre,SF,28,DAL,77,77,33.9,9.7,20.4,0.475,0.7,2.2,0.302,9.0,18.2,0.496,0.491,5.0,6.5,0.77,2.4,3.3,5.6,3.6,0.9,0.7,2.6,2.9,25.1
4,Danny Ainge,SG,28,BOS,81,81,37.3,6.0,12.1,0.491,1.8,4.4,0.415,4.1,7.7,0.534,0.566,2.0,2.2,0.878,0.7,2.3,3.1,6.2,1.4,0.2,1.9,2.5,15.7
5,Mark Alarie,PF,24,WSB,63,0,12.2,2.3,4.8,0.48,0.1,0.3,0.222,2.2,4.5,0.496,0.487,0.6,0.8,0.714,1.1,1.4,2.5,0.6,0.2,0.2,0.8,1.7,5.2
6,Steve Alford,PG,23,DAL,28,0,7.0,0.8,2.0,0.382,0.0,0.3,0.125,0.7,1.7,0.426,0.391,0.6,0.6,0.941,0.1,0.7,0.8,0.8,0.6,0.1,0.4,0.8,2.1
7,Greg Anderson,PF,23,SAS,82,45,24.2,4.6,9.2,0.501,0.0,0.1,0.2,4.6,9.2,0.503,0.502,2.4,4.0,0.604,2.0,4.3,6.3,1.0,0.7,1.5,1.7,2.8,11.7
8,Richard Anderson,PF,27,TOT,74,3,18.2,2.3,5.9,0.39,0.6,2.0,0.32,1.7,3.9,0.426,0.444,0.8,1.0,0.753,1.2,2.9,4.1,1.5,0.7,0.2,0.8,1.9,6.1
9,Thurl Bailey,SF,26,UTA,82,10,34.2,7.7,15.7,0.492,0.0,0.0,0.333,7.7,15.6,0.493,0.493,4.1,5.0,0.826,1.6,4.8,6.5,1.9,0.6,1.5,2.3,2.3,19.6
10,John Battle,SG,25,ATL,67,1,18.3,4.1,9.1,0.454,0.2,0.6,0.39,3.9,8.5,0.458,0.467,2.1,2.8,0.75,0.4,1.3,1.7,2.4,0.5,0.1,1.1,1.3,10.6
11,Walter Berry,SF,23,SAS,73,56,26.3,7.4,13.2,0.563,0.0,0.0,0.0,7.4,13.2,0.563,0.563,2.6,4.4,0.6,2.4,3.0,5.4,1.5,0.8,0.9,2.2,2.8,17.4
12,Larry Bird*,SF,31,BOS,76,75,39.0,11.6,22.0,0.527,1.3,3.1,0.414,10.3,18.9,0.546,0.556,5.5,6.0,0.916,1.4,7.8,9.3,6.1,1.6,0.8,2.8,2.1,29.9
13,Uwe Blab,C,25,DAL,73,1,9.0,0.8,1.8,0.439,0.0,0.0,0.0,0.8,1.8,0.439,0.439,0.6,0.9,0.708,0.7,1.1,1.8,0.5,0.1,0.4,0.7,1.5,2.2
14,Rolando Blackman,SG,28,DAL,71,69,36.3,7.0,14.8,0.473,0.0,0.1,0.0,7.0,14.7,0.476,0.473,4.7,5.3,0.873,1.2,2.3,3.5,3.7,0.9,0.3,2.0,1.6,18.7
15,Muggsy Bogues,PG,23,WSB,79,14,20.6,2.1,5.4,0.39,0.0,0.2,0.188,2.1,5.2,0.398,0.393,0.7,0.9,0.784,0.4,1.3,1.7,5.1,1.6,0.0,1.3,1.7,5.0
16,Manute Bol,C,25,WSB,77,4,14.8,1.0,2.1,0.455,0.0,0.0,0.0,1.0,2.1,0.457,0.455,0.3,0.6,0.531,0.9,2.6,3.6,0.2,0.1,2.7,0.5,2.1,2.3
17,Randy Breuer,C,27,MIL,81,73,27.9,4.8,9.7,0.495,0.0,0.0,0.0,4.8,9.7,0.495,0.495,2.3,3.5,0.657,2.4,4.4,6.8,1.3,0.6,1.3,1.3,2.4,12.0
18,Frank Brickowski,C,28,SAS,70,68,31.8,6.1,11.5,0.528,0.0,0.1,0.2,6.1,11.4,0.53,0.529,3.8,5.0,0.768,2.4,4.5,6.9,3.8,1.1,0.5,3.0,3.9,16.0
19,Michael Brooks,SF,29,DEN,16,0,8.3,1.3,3.1,0.408,0.0,0.0,0.0,1.3,3.1,0.408,0.408,0.2,0.3,0.75,1.2,1.6,2.8,0.8,0.3,0.1,0.8,1.3,2.7
20,Mike Brown,C,24,CHI,46,27,12.8,1.7,3.8,0.448,0.0,0.0,0.0,1.7,3.8,0.451,0.448,0.9,1.5,0.577,1.4,2.0,3.5,0.6,0.2,0.1,0.8,1.8,4.3
21,Tony Campbell,SF,25,LAL,13,1,18.6,4.4,7.8,0.564,0.1,0.2,0.333,4.3,7.5,0.571,0.569,2.2,3.0,0.718,0.6,1.5,2.1,1.2,0.8,0.2,2.0,3.2,11.0
22,Rick Carlisle,SG,28,NYK,26,0,7.8,1.1,2.6,0.433,0.2,0.7,0.353,0.9,1.9,0.46,0.478,0.4,0.4,0.909,0.2,0.3,0.5,1.2,0.4,0.2,0.8,1.5,2.8
23,Antoine Carr,PF,26,ATL,80,2,18.5,3.5,6.5,0.544,0.0,0.1,0.25,3.5,6.4,0.546,0.544,1.8,2.3,0.78,1.2,2.4,3.6,1.3,0.5,1.0,1.5,3.4,8.8
24,Joe Barry Carroll,C,29,TOT,77,30,26.0,5.2,12.0,0.435,0.0,0.0,0.0,5.2,12.0,0.436,0.435,2.2,2.9,0.764,1.7,4.6,6.4,1.5,0.6,1.4,2.1,2.5,12.7
25,Bill Cartwright,C,30,NYK,82,4,20.4,3.5,6.4,0.544,0.0,0.0,0.0,3.5,6.4,0.544,0.544,4.1,5.2,0.798,1.5,3.1,4.7,1.0,0.5,0.5,1.6,2.9,11.1
26,Terry Catledge,PF,24,WSB,70,40,23.0,4.2,8.4,0.506,0.0,0.0,0.0,4.2,8.3,0.508,0.506,2.2,3.4,0.655,2.6,3.1,5.7,0.9,0.5,0.1,1.4,2.5,10.7
27,Tom Chambers,PF,28,SEA,82,82,32.7,7.5,16.6,0.448,0.4,1.3,0.303,7.0,15.3,0.461,0.46,5.1,6.3,0.807,1.6,4.3,6.0,2.6,1.1,0.6,2.5,3.6,20.4
28,Steve Colter,PG,25,TOT,68,53,22.3,3.0,6.5,0.46,0.0,0.1,0.3,2.9,6.3,0.464,0.464,1.1,1.4,0.789,0.9,1.7,2.5,3.8,0.9,0.2,1.3,1.9,7.1
29,Lester Conner,PG,28,HOU,52,3,7.7,1.0,2.1,0.463,0.0,0.1,0.0,1.0,1.9,0.495,0.463,0.6,0.8,0.78,0.4,0.3,0.7,1.1,0.7,0.0,0.6,0.6,2.5
30,Michael Cooper,SG,31,LAL,61,8,29.4,3.1,7.9,0.392,0.9,2.9,0.32,2.2,5.0,0.434,0.451,1.6,1.9,0.858,0.8,2.9,3.7,4.7,1.1,0.4,1.7,2.2,8.7
31,Wayne Cooper,C,31,DEN,45,32,19.2,2.6,6.0,0.437,0.0,0.0,0.0,2.6,6.0,0.439,0.437,1.1,1.5,0.746,2.2,3.8,6.0,0.7,0.3,2.1,1.3,3.2,6.4
32,Dave Corzine,C,31,CHI,80,32,29.1,4.3,8.9,0.481,0.0,0.1,0.111,4.3,8.8,0.486,0.482,1.4,1.9,0.752,2.1,4.5,6.6,1.9,0.5,1.2,1.4,1.9,10.1
33,Pat Cummings,PF,31,NYK,62,9,15.3,2.3,5.0,0.456,0.0,0.0,0.0,2.3,4.9,0.458,0.456,1.0,1.3,0.738,1.3,2.5,3.8,0.6,0.3,0.2,1.0,2.3,5.5
34,Terry Cummings,PF,26,MIL,76,76,34.6,8.9,18.3,0.485,0.0,0.0,0.333,8.9,18.3,0.485,0.485,3.6,5.3,0.665,2.4,4.9,7.3,2.4,1.0,0.6,2.2,3.6,21.3
35,Dell Curry,SG,23,CLE,79,8,19.0,4.3,9.4,0.458,0.4,1.0,0.346,3.9,8.4,0.472,0.477,1.0,1.3,0.782,0.5,1.6,2.1,1.9,1.2,0.3,1.4,1.6,10.0
36,Adrian Dantley*,SF,32,DET,69,50,31.1,6.4,12.5,0.514,0.0,0.0,0.0,6.4,12.5,0.516,0.514,7.1,8.3,0.86,1.2,2.1,3.3,2.5,0.6,0.1,2.0,2.1,20.0
37,Brad Daugherty,C,22,CLE,79,78,37.4,7.0,13.7,0.51,0.0,0.0,0.0,7.0,13.7,0.511,0.51,4.8,6.7,0.716,1.9,6.5,8.4,4.2,0.6,0.7,3.4,3.0,18.7
38,Brad Davis,PG,32,DAL,75,12,19.7,2.8,5.5,0.501,0.4,1.0,0.405,2.4,4.5,0.522,0.537,1.2,1.4,0.843,0.2,1.1,1.4,4.0,0.7,0.2,1.2,2.0,7.2
39,Johnny Dawkins,PG,24,SAS,65,61,33.5,6.2,12.8,0.485,0.3,0.9,0.311,5.9,11.9,0.499,0.496,3.0,3.4,0.896,1.0,2.1,3.1,7.4,1.4,0.0,2.4,1.5,15.8
40,James Donaldson,C,30,DAL,81,81,31.1,2.6,4.7,0.558,0.0,0.0,0.0,2.6,4.7,0.558,0.558,1.8,2.3,0.778,3.0,6.3,9.3,0.8,0.5,1.3,1.4,2.2,7.0
41,Clyde Drexler*,SG,25,POR,81,80,37.8,10.5,20.7,0.506,0.1,0.6,0.212,10.3,20.1,0.515,0.509,5.9,7.2,0.811,3.2,3.4,6.6,5.8,2.5,0.6,2.9,3.1,27.0
42,Kevin Duckworth,C,23,POR,78,50,28.5,5.8,11.6,0.496,0.0,0.0,0.0,5.8,11.6,0.496,0.496,4.2,5.5,0.77,2.9,4.5,7.4,0.8,0.4,0.4,2.3,3.6,15.8
43,Chris Dudley,C,22,CLE,55,1,9.3,1.2,2.5,0.474,0.0,0.0,0.0,1.2,2.5,0.474,0.474,0.7,1.3,0.563,1.3,1.3,2.6,0.4,0.2,0.3,0.6,1.6,3.1
44,Joe Dumars*,SG,24,DET,82,82,33.3,5.5,11.7,0.472,0.0,0.2,0.211,5.5,11.5,0.477,0.474,3.1,3.8,0.815,0.8,1.7,2.4,4.7,1.1,0.2,2.1,1.9,14.2
45,T.R. Dunn,SG,32,DEN,82,1,18.7,0.9,1.9,0.449,0.0,0.0,0.0,0.9,1.9,0.452,0.449,0.5,0.6,0.769,1.3,1.6,2.9,1.1,1.2,0.1,0.3,1.9,2.2
46,Mark Eaton,C,31,UTA,82,82,33.3,2.8,6.6,0.418,0.0,0.0,0.0,2.8,6.6,0.418,0.418,1.5,2.3,0.623,2.8,5.9,8.7,0.7,0.5,3.7,1.6,3.9,7.0
47,James Edwards,C,32,TOT,69,44,24.7,4.4,9.3,0.47,0.0,0.0,0.0,4.4,9.3,0.47,0.47,3.0,4.7,0.654,1.7,4.2,6.0,1.1,0.2,0.5,1.9,3.1,11.8
48,Craig Ehlo,SG,26,CLE,79,27,21.6,2.9,6.1,0.466,0.3,0.8,0.344,2.6,5.3,0.485,0.489,1.1,1.7,0.674,1.1,2.4,3.5,2.6,1.0,0.4,1.4,2.3,7.1
49,Dale Ellis,SG,27,SEA,75,73,37.2,10.2,20.3,0.503,1.4,3.5,0.413,8.8,16.8,0.521,0.538,4.0,5.3,0.767,2.2,2.3,4.5,2.6,1.0,0.1,2.3,2.9,25.8
50,Alex English*,SF,34,DEN,80,80,35.2,10.5,21.3,0.495,0.0,0.1,0.0,10.5,21.2,0.496,0.495,3.9,4.7,0.828,2.1,2.6,4.7,4.7,0.9,0.3,2.3,2.4,25.0
51,Mike Evans,PG,32,DEN,56,0,11.7,2.5,5.5,0.453,0.6,1.6,0.396,1.8,3.9,0.477,0.511,0.5,0.7,0.811,0.2,0.7,0.9,1.4,0.6,0.1,0.8,1.4,6.1
52,Patrick Ewing*,C,25,NYK,82,82,31.0,8.0,14.4,0.555,0.0,0.0,0.0,8.0,14.4,0.556,0.555,4.2,5.8,0.716,3.0,5.3,8.2,1.5,1.3,3.0,3.5,4.0,20.2
53,Jim Farmer,SG,23,DAL,30,0,5.2,0.9,2.3,0.377,0.0,0.2,0.0,0.9,2.1,0.413,0.377,0.3,0.3,0.9,0.3,0.3,0.6,0.5,0.1,0.0,0.7,0.6,2.0
54,Sleepy Floyd,PG,27,TOT,77,73,32.6,5.5,12.6,0.433,0.2,0.9,0.194,5.3,11.6,0.453,0.441,3.9,4.6,0.85,1.0,2.8,3.8,7.1,1.2,0.2,2.9,2.5,15.0
55,World B. Free,SG,34,HOU,58,0,11.8,2.5,6.0,0.409,0.1,0.6,0.229,2.3,5.4,0.429,0.42,1.4,1.7,0.8,0.2,0.5,0.8,1.0,0.3,0.1,0.8,1.3,6.4
56,Artis Gilmore*,C,38,TOT,71,27,12.6,1.4,2.5,0.547,0.0,0.0,0.0,1.4,2.5,0.547,0.547,0.9,1.8,0.523,1.0,2.0,3.0,0.3,0.2,0.4,0.9,2.1,3.7
57,Horace Grant,PF,22,CHI,81,6,22.6,3.1,6.3,0.501,0.0,0.0,0.0,3.1,6.2,0.503,0.501,1.4,2.2,0.626,1.9,3.6,5.5,1.1,0.6,0.7,1.1,2.7,7.7
58,A.C. Green,PF,24,LAL,82,64,32.1,3.9,7.8,0.503,0.0,0.0,0.0,3.9,7.8,0.505,0.503,3.6,4.6,0.773,3.0,5.7,8.7,1.1,1.1,0.5,1.5,2.5,11.4
59,Rickey Green,PG,33,UTA,81,3,13.8,1.9,4.6,0.424,0.0,0.2,0.211,1.9,4.3,0.436,0.43,0.9,1.0,0.904,0.2,0.8,1.0,3.7,0.7,0.0,1.2,1.0,4.9
60,Sidney Green,PF,27,NYK,82,65,25.0,3.1,7.1,0.441,0.0,0.0,0.0,3.1,7.1,0.443,0.441,1.5,2.3,0.663,2.7,5.1,7.8,1.1,0.8,0.4,1.8,3.9,7.8
61,Pétur Guðmundsson,C,29,SAS,69,9,14.7,2.0,4.1,0.496,0.0,0.0,0.0,2.0,4.0,0.498,0.496,1.7,2.1,0.807,1.3,3.3,4.7,1.2,0.3,0.9,1.5,2.9,5.7
62,Bob Hansen,SG,27,UTA,81,51,22.2,3.9,7.5,0.517,0.4,1.2,0.33,3.5,6.3,0.553,0.543,1.4,1.9,0.743,0.8,1.5,2.3,2.2,0.8,0.1,1.1,2.4,9.6
63,Bill Hanzlik,SF,30,DEN,77,0,17.3,1.4,3.7,0.38,0.0,0.2,0.188,1.4,3.5,0.391,0.385,1.7,2.1,0.791,0.5,1.7,2.2,2.2,0.8,0.2,1.2,2.4,4.5
64,Derek Harper,PG,26,DAL,82,82,37.0,6.5,14.2,0.459,0.7,2.3,0.313,5.8,11.9,0.488,0.485,3.2,4.2,0.759,0.9,2.1,3.0,7.7,2.0,0.4,2.3,2.0,17.0
65,Ron Harper,SG,24,CLE,57,52,32.1,6.0,12.8,0.464,0.1,0.4,0.15,5.9,12.5,0.473,0.467,3.4,4.9,0.705,1.1,2.8,3.9,4.9,2.1,0.9,2.8,2.8,15.4
66,Scott Hastings,PF,27,ATL,55,0,7.3,0.7,1.5,0.488,0.1,0.2,0.417,0.6,1.3,0.5,0.518,0.5,0.5,0.926,0.5,1.3,1.8,0.3,0.1,0.2,0.3,1.2,2.0
67,Michael Holton,PG,26,POR,82,2,15.6,2.0,4.3,0.462,0.0,0.2,0.2,2.0,4.1,0.473,0.466,1.3,1.6,0.829,0.6,1.2,1.8,2.6,0.5,0.1,1.0,1.9,5.3
68,Phil Hubbard,SF,31,CLE,78,59,20.9,3.0,6.2,0.489,0.0,0.1,0.0,3.0,6.2,0.494,0.489,2.3,3.1,0.749,1.5,2.1,3.6,1.0,0.6,0.1,1.5,2.1,8.4
69,Eddie Hughes,PG,27,UTA,11,0,3.8,0.5,1.2,0.385,0.1,0.5,0.167,0.4,0.6,0.571,0.423,0.5,0.5,1.0,0.3,0.1,0.4,0.7,0.0,0.0,0.5,0.5,1.5
70,Jay Humphries,PG,25,TOT,68,33,26.6,4.2,7.9,0.528,0.0,0.3,0.167,4.1,7.6,0.54,0.531,1.6,2.3,0.732,0.7,1.8,2.6,5.8,1.2,0.1,1.9,2.6,10.0
71,Marc Iavaroni,PF,31,UTA,81,71,15.3,1.8,3.8,0.464,0.0,0.0,0.0,1.8,3.8,0.467,0.464,1.0,1.2,0.788,1.2,2.1,3.3,0.8,0.3,0.3,1.0,2.0,4.5
72,Mark Jackson,PG,22,NYK,82,80,39.6,5.3,12.4,0.432,0.4,1.5,0.254,5.0,10.8,0.458,0.448,2.5,3.2,0.774,1.5,3.4,4.8,10.6,2.5,0.1,3.1,3.0,13.6
73,Buck Johnson,SF,24,HOU,70,2,12.6,2.2,4.3,0.52,0.0,0.1,0.125,2.2,4.1,0.531,0.522,1.0,1.3,0.736,1.1,1.3,2.4,0.7,0.4,0.4,0.8,1.8,5.4
74,Clemon Johnson,C,31,SEA,74,26,9.8,0.7,1.4,0.467,0.0,0.0,0.0,0.7,1.4,0.467,0.467,0.3,0.4,0.688,0.9,1.5,2.4,0.2,0.2,0.3,0.4,1.4,1.6
75,Dennis Johnson*,PG,33,BOS,77,74,34.7,4.6,10.4,0.438,0.2,0.6,0.261,4.4,9.8,0.449,0.446,3.3,3.9,0.856,0.8,2.3,3.1,7.8,1.2,0.4,2.5,2.6,12.6
76,Frank Johnson,PG,29,WSB,75,17,16.8,2.9,6.6,0.434,0.0,0.1,0.111,2.9,6.5,0.44,0.435,1.6,2.0,0.812,0.5,1.1,1.6,2.5,0.9,0.1,1.3,1.6,7.4
77,Magic Johnson*,PG,28,LAL,72,70,36.6,6.8,13.8,0.492,0.2,0.8,0.196,6.7,13.1,0.51,0.497,5.8,6.8,0.853,1.2,5.0,6.2,11.9,1.6,0.2,3.7,2.0,19.6
78,Vinnie Johnson,SG,31,DET,82,1,23.6,5.2,11.7,0.443,0.1,0.3,0.208,5.1,11.4,0.449,0.446,1.8,2.6,0.677,1.1,1.7,2.8,3.3,0.7,0.2,1.9,2.0,12.2
79,Caldwell Jones,C,37,POR,79,77,22.5,1.6,3.3,0.487,0.0,0.1,0.0,1.6,3.3,0.494,0.487,1.0,1.3,0.736,1.3,3.8,5.2,1.0,0.4,1.3,1.0,3.2,4.2
80,Charles Jones,PF,30,WSB,69,49,19.0,1.0,2.6,0.407,0.0,0.0,0.0,1.0,2.6,0.409,0.407,0.8,1.1,0.707,1.5,3.2,4.7,0.9,0.8,1.6,0.8,3.3,2.9
81,Michael Jordan*,SG,24,CHI,82,82,40.4,13.0,24.4,0.535,0.1,0.6,0.132,13.0,23.7,0.546,0.537,8.8,10.5,0.841,1.7,3.8,5.5,5.9,3.2,1.6,3.1,3.3,35.0
82,Jerome Kersey,SF,25,POR,79,75,36.6,7.7,15.5,0.499,0.0,0.2,0.2,7.7,15.3,0.502,0.5,3.7,5.0,0.735,2.7,5.6,8.3,3.1,1.6,0.8,2.0,3.8,19.2
83,Bernard King*,SF,31,WSB,69,38,29.6,6.8,13.6,0.501,0.0,0.1,0.167,6.8,13.5,0.503,0.502,3.6,4.7,0.762,1.2,2.8,4.1,2.8,0.7,0.1,3.1,2.9,17.2
84,Bart Kofoed,SG,23,UTA,36,0,6.3,0.5,1.3,0.375,0.1,0.2,0.286,0.4,1.1,0.39,0.396,0.2,0.4,0.615,0.1,0.3,0.4,0.6,0.2,0.0,0.5,1.2,1.3
85,Larry Krystkowiak,PF,23,MIL,50,7,21.0,2.6,5.3,0.481,0.0,0.1,0.0,2.6,5.3,0.487,0.481,2.1,2.5,0.811,1.8,2.9,4.6,1.0,0.4,0.2,1.1,2.7,7.2
86,Bill Laimbeer,C,30,DET,82,82,35.3,5.5,11.3,0.493,0.2,0.5,0.333,5.4,10.8,0.5,0.5,2.3,2.6,0.874,2.0,8.1,10.1,2.4,0.8,1.0,1.7,3.5,13.5
87,Allen Leavell,SG,30,HOU,80,54,26.9,3.6,8.3,0.437,0.2,1.1,0.216,3.4,7.2,0.471,0.451,2.7,3.1,0.869,0.3,1.6,1.9,5.1,1.6,0.1,1.6,2.0,10.2
88,Fat Lever,SG,27,DEN,82,82,37.3,7.8,16.6,0.473,0.1,0.7,0.211,7.7,15.9,0.484,0.477,3.0,3.9,0.785,2.5,5.6,8.1,7.8,2.7,0.3,2.2,2.6,18.9
89,Cliff Levingston,PF,27,ATL,82,32,26.0,3.8,6.9,0.557,0.0,0.0,0.5,3.8,6.9,0.557,0.558,2.3,3.0,0.772,2.8,3.4,6.1,0.9,0.6,1.0,1.1,3.5,10.0
90,Ralph Lewis,SG,24,DET,50,0,6.2,0.5,1.7,0.31,0.0,0.0,0.0,0.5,1.7,0.314,0.31,0.6,1.0,0.604,0.3,0.7,1.0,0.3,0.3,0.1,0.4,0.7,1.7
91,Reggie Lewis,SG,22,BOS,49,0,8.3,1.8,3.9,0.466,0.0,0.1,0.0,1.8,3.9,0.476,0.466,0.8,1.2,0.702,0.6,0.7,1.3,0.5,0.3,0.3,0.6,1.1,4.5
92,Alton Lister,C,29,SEA,82,55,22.1,2.1,4.2,0.504,0.0,0.0,0.5,2.1,4.2,0.504,0.506,1.4,2.3,0.606,2.4,5.2,7.6,0.7,0.3,1.7,1.1,3.9,5.6
93,Brad Lohaus,PF,23,BOS,70,4,10.3,1.7,3.5,0.496,0.0,0.2,0.231,1.7,3.3,0.511,0.502,0.7,0.9,0.806,0.7,1.3,2.0,0.7,0.3,0.6,0.8,1.8,4.2
94,John Lucas,PG,34,MIL,81,22,21.8,3.5,7.8,0.445,0.6,1.9,0.338,2.8,5.9,0.479,0.486,1.6,2.0,0.802,0.4,1.6,2.0,4.8,1.1,0.0,1.5,1.3,9.2
95,Maurice Lucas,PF,35,POR,73,0,16.3,2.3,5.1,0.45,0.0,0.0,0.0,2.3,5.1,0.454,0.45,1.5,2.0,0.736,1.4,2.9,4.3,1.3,0.5,0.1,1.0,2.6,6.1
96,Rick Mahorn,PF,29,DET,67,64,29.3,4.1,7.2,0.574,0.0,0.0,0.5,4.1,7.1,0.574,0.575,2.4,3.2,0.756,2.4,6.1,8.4,0.9,0.6,0.6,1.8,3.9,10.7
97,Jeff Malone,SG,26,WSB,80,80,33.2,8.1,17.0,0.476,0.1,0.3,0.417,8.0,16.7,0.478,0.48,4.2,4.8,0.882,0.6,2.0,2.6,3.0,0.6,0.2,2.2,2.5,20.5
98,Karl Malone*,PF,24,UTA,82,82,39.0,10.5,20.1,0.52,0.0,0.1,0.0,10.5,20.1,0.522,0.52,6.7,9.6,0.7,3.4,8.6,12.0,2.4,1.4,0.6,4.0,3.6,27.7
99,Moses Malone*,C,32,WSB,79,78,34.1,6.7,13.8,0.487,0.0,0.1,0.286,6.7,13.7,0.488,0.488,6.9,8.7,0.788,4.7,6.5,11.2,1.4,0.7,0.9,3.2,2.0,20.3
100,Maurice Martin,SF,23,DEN,26,0,5.2,0.9,2.3,0.377,0.0,0.2,0.25,0.8,2.2,0.386,0.385,0.4,0.8,0.476,0.5,0.4,0.9,0.5,0.2,0.1,0.4,0.8,2.2
101,Wes Matthews,PG,28,LAL,51,8,13.8,2.2,4.9,0.46,0.1,0.6,0.233,2.1,4.3,0.491,0.474,1.1,1.3,0.831,0.3,1.0,1.3,2.7,0.5,0.1,1.4,1.3,5.7
102,Cedric Maxwell,SF,32,HOU,71,0,11.9,1.1,2.4,0.468,0.0,0.0,0.0,1.1,2.4,0.473,0.468,1.5,2.0,0.769,1.0,1.5,2.5,0.8,0.3,0.2,0.8,1.1,3.8
103,Rodney McCray,SF,26,HOU,81,80,33.2,4.4,9.2,0.481,0.0,0.0,0.0,4.4,9.2,0.484,0.481,3.6,4.5,0.785,2.9,4.9,7.8,3.3,0.7,0.6,1.8,2.0,12.4
104,Xavier McDaniel,SF,24,SEA,78,77,34.7,8.8,18.0,0.488,0.2,0.6,0.28,8.6,17.4,0.496,0.493,3.6,5.0,0.715,2.6,4.0,6.6,3.4,1.2,0.7,2.9,2.9,21.4
105,Kevin McHale*,PF,30,BOS,64,63,37.3,8.6,14.2,0.604,0.0,0.0,0.0,8.6,14.2,0.604,0.604,5.4,6.8,0.797,2.5,5.9,8.4,2.7,0.4,1.4,2.2,2.8,22.6
106,Derrick McKey,SF,21,SEA,82,4,20.8,3.1,6.3,0.491,0.1,0.4,0.367,3.0,6.0,0.499,0.502,2.1,2.7,0.772,1.4,2.6,4.0,1.3,0.9,0.8,1.3,2.9,8.5
107,Nate McMillan,PG,23,SEA,82,82,29.9,2.9,6.0,0.474,0.1,0.3,0.375,2.8,5.8,0.479,0.483,1.8,2.5,0.707,1.4,2.7,4.1,8.6,2.1,0.6,2.3,2.9,7.6
108,Dirk Minniefield,PG,27,TOT,72,6,14.9,1.5,3.1,0.489,0.1,0.2,0.25,1.4,2.8,0.507,0.498,0.6,0.8,0.745,0.4,0.9,1.3,3.2,0.8,0.0,1.3,1.8,3.6
109,Mike Mitchell,SF,32,SAS,68,20,22.1,5.6,11.5,0.482,0.0,0.2,0.25,5.5,11.4,0.486,0.484,2.4,2.9,0.825,0.8,2.1,2.9,1.0,0.5,0.2,0.8,1.5,13.5
110,Paul Mokeski,C,31,MIL,60,0,14.1,1.7,3.5,0.476,0.0,0.1,0.0,1.7,3.4,0.485,0.476,0.9,1.2,0.708,1.2,2.5,3.7,0.4,0.5,0.5,0.8,3.2,4.2
111,Sidney Moncrief*,SG,30,MIL,56,51,25.5,3.9,7.9,0.489,0.1,0.6,0.161,3.8,7.4,0.513,0.494,2.9,3.5,0.837,1.0,2.2,3.2,3.6,0.7,0.3,1.5,1.9,10.8
112,Larry Nance,PF,28,TOT,67,60,35.6,7.3,13.7,0.529,0.0,0.1,0.333,7.2,13.6,0.531,0.53,4.5,5.8,0.779,2.9,6.2,9.1,3.1,0.9,2.4,2.3,3.6,19.1
113,Ed Nealy,PF,27,SAS,68,1,12.3,0.7,1.6,0.459,0.0,0.0,0.5,0.7,1.6,0.458,0.463,0.6,0.9,0.651,1.2,2.1,3.3,0.7,0.4,0.1,0.4,1.4,2.1
114,Chuck Nevitt,C,28,DET,17,0,3.7,0.4,1.2,0.333,0.0,0.0,0.0,0.4,1.2,0.333,0.333,0.2,0.4,0.5,0.2,0.8,1.1,0.0,0.1,0.3,0.1,0.7,1.0
115,Johnny Newman,SF,24,NYK,77,25,20.6,3.5,8.1,0.435,0.3,1.2,0.28,3.2,6.8,0.463,0.456,2.7,3.2,0.841,1.1,0.9,2.1,0.8,0.9,0.1,1.3,2.6,10.0
116,Kurt Nimphius,C,29,SAS,72,7,12.8,1.8,3.6,0.498,0.0,0.0,0.0,1.8,3.6,0.5,0.498,0.8,1.2,0.723,0.9,1.3,2.1,0.7,0.3,0.8,0.7,2.0,4.4
117,Charles Oakley,PF,24,CHI,82,82,34.3,4.6,9.5,0.483,0.0,0.1,0.25,4.5,9.3,0.487,0.485,3.2,4.4,0.727,4.0,9.0,13.0,3.0,0.8,0.3,2.9,3.3,12.4
118,Hakeem Olajuwon*,C,25,HOU,79,79,35.8,9.0,17.5,0.514,0.0,0.1,0.0,9.0,17.5,0.516,0.514,4.8,6.9,0.695,3.8,8.3,12.1,2.1,2.1,2.7,3.1,4.1,22.8
119,Louis Orr,SF,29,NYK,29,0,6.2,0.6,1.7,0.32,0.0,0.0,0.0,0.6,1.7,0.327,0.32,0.3,0.6,0.5,0.4,0.7,1.2,0.3,0.2,0.0,0.5,0.9,1.4
120,Robert Parish*,C,34,BOS,74,73,31.2,6.0,10.1,0.589,0.0,0.0,0.0,6.0,10.1,0.59,0.589,2.4,3.3,0.734,2.3,6.1,8.5,1.6,0.7,1.1,2.1,2.7,14.3
121,Jim Paxson,SG,30,TOT,45,3,17.8,3.0,6.6,0.46,0.1,0.5,0.238,2.9,6.2,0.477,0.468,1.5,1.8,0.861,0.3,0.7,1.0,1.7,0.7,0.1,0.9,1.6,7.7
122,John Paxson,PG,27,CHI,81,30,23.3,3.5,7.2,0.493,0.4,1.2,0.347,3.1,6.0,0.522,0.521,0.4,0.6,0.733,0.2,1.1,1.3,3.7,0.6,0.0,0.8,1.9,7.9
123,Sam Perkins,PF,26,DAL,75,75,33.3,5.3,11.7,0.45,0.1,0.4,0.167,5.2,11.3,0.46,0.453,3.6,4.4,0.822,2.7,5.3,8.0,1.6,1.0,0.7,1.6,3.0,14.2
124,Jim Petersen,PF,25,HOU,69,50,26.0,3.6,7.1,0.51,0.0,0.1,0.167,3.6,7.0,0.515,0.511,1.7,2.2,0.745,2.1,4.2,6.3,1.5,0.5,0.6,1.7,2.9,8.9
125,Ricky Pierce,SG,28,MIL,37,0,26.1,6.7,13.1,0.51,0.1,0.4,0.214,6.6,12.8,0.519,0.513,2.9,3.3,0.877,0.8,1.4,2.2,2.0,0.6,0.2,1.5,2.5,16.4
126,Scottie Pippen*,SF,22,CHI,79,0,20.9,3.3,7.1,0.463,0.1,0.3,0.174,3.3,6.8,0.475,0.466,1.3,2.2,0.576,1.5,2.3,3.8,2.1,1.2,0.7,1.7,2.7,7.9
127,Olden Polynice,C,23,SEA,82,0,13.2,1.4,3.1,0.465,0.0,0.0,0.0,1.4,3.1,0.468,0.465,1.2,1.9,0.639,1.5,2.5,4.0,0.4,0.4,0.3,1.0,2.6,4.1
128,Terry Porter,PG,24,POR,82,82,36.5,5.6,10.9,0.519,0.3,0.8,0.348,5.3,10.0,0.533,0.533,3.3,4.0,0.846,0.8,3.8,4.6,10.1,1.8,0.2,3.0,2.5,14.9
129,Paul Pressey,SG,29,MIL,75,75,33.1,4.6,9.4,0.491,0.1,0.5,0.205,4.5,8.8,0.508,0.497,3.8,4.8,0.798,1.7,3.3,5.0,7.0,1.5,0.5,2.6,3.1,13.1
130,Mark Price,PG,23,CLE,80,79,32.8,6.2,12.2,0.506,0.9,1.9,0.486,5.3,10.3,0.51,0.543,2.8,3.2,0.877,0.7,1.6,2.3,6.0,1.2,0.2,2.3,1.5,16.0
131,Kurt Rambis,PF,29,LAL,70,20,12.1,1.5,2.7,0.548,0.0,0.0,0.0,1.5,2.7,0.548,0.548,1.0,1.3,0.785,1.5,2.4,3.8,0.8,0.6,0.2,0.8,1.5,4.0
132,Blair Rasmussen,C,25,DEN,79,45,22.5,5.5,11.2,0.492,0.0,0.0,0.0,5.5,11.2,0.492,0.492,1.7,2.2,0.776,1.6,3.9,5.5,1.0,0.3,1.0,0.9,3.1,12.7
133,Robert Reid,SG,32,HOU,62,31,15.8,2.7,5.7,0.463,0.2,0.5,0.382,2.5,5.2,0.472,0.482,0.8,1.0,0.794,0.6,1.4,2.0,1.1,0.4,0.1,0.7,1.9,6.3
134,Jerry Reynolds,SF,25,MIL,62,21,18.7,3.0,6.8,0.449,0.0,0.1,0.429,3.0,6.6,0.449,0.452,1.9,2.5,0.773,1.1,1.5,2.6,1.7,1.2,0.5,1.7,1.6,8.0
135,Doc Rivers,PG,26,ATL,80,80,31.3,5.0,11.1,0.453,0.1,0.4,0.273,4.9,10.7,0.46,0.458,4.0,5.3,0.758,1.0,3.5,4.6,9.3,1.8,0.5,2.6,3.4,14.2
136,Fred Roberts,PF,27,BOS,74,14,13.9,2.2,4.5,0.488,0.0,0.1,0.0,2.2,4.4,0.497,0.488,1.7,2.2,0.776,0.8,1.4,2.2,1.1,0.2,0.2,0.9,1.6,6.1
137,Alvin Robertson,SG,25,SAS,82,82,36.3,8.0,17.2,0.465,0.3,1.2,0.284,7.7,16.0,0.478,0.475,3.3,4.5,0.748,2.0,4.1,6.1,6.8,3.0,0.8,3.1,3.7,19.6
138,Dennis Rodman*,SF,26,DET,82,32,26.2,4.9,8.6,0.561,0.1,0.2,0.294,4.8,8.4,0.568,0.565,1.9,3.5,0.535,3.9,4.8,8.7,1.3,0.9,0.5,1.9,3.3,11.6
139,Tree Rollins,C,32,ATL,76,59,23.2,1.8,3.4,0.512,0.0,0.0,0.0,1.8,3.4,0.512,0.512,0.9,1.1,0.875,1.9,4.2,6.0,0.3,0.4,1.7,0.7,3.0,4.4
140,Scott Roth,SF,24,UTA,26,0,7.7,1.2,2.8,0.405,0.1,0.4,0.182,1.1,2.4,0.444,0.419,0.8,1.2,0.733,0.3,0.8,1.1,0.6,0.5,0.0,0.4,1.4,3.2
141,Walker Russell,PG,27,DET,1,0,1.0,0.0,1.0,0.0,0.0,1.0,0.0,0.0,0.0,0.0,0.0,0.0,0.0,0.0,0.0,0.0,0.0,1.0,0.0,0.0,0.0,0.0,0.0
142,John Salley,C,23,DET,82,16,24.4,3.1,5.6,0.566,0.0,0.0,0.0,3.1,5.6,0.566,0.566,2.3,3.2,0.709,2.0,2.9,4.9,1.4,0.6,1.7,1.5,3.6,8.5
143,Mike Sanders,SF,27,TOT,59,16,15.0,2.6,5.1,0.505,0.0,0.0,0.0,2.6,5.1,0.507,0.505,1.0,1.3,0.776,0.6,1.2,1.8,0.9,0.5,0.2,0.8,2.2,6.2
144,Danny Schayes,PF,28,DEN,81,74,26.7,4.5,8.2,0.54,0.0,0.0,0.0,4.5,8.2,0.542,0.54,5.0,6.0,0.836,2.5,5.7,8.2,1.3,0.8,1.1,1.9,4.0,13.9
145,Russ Schoene,PF,27,SEA,81,2,12.0,2.6,5.6,0.458,0.2,0.7,0.293,2.4,4.9,0.482,0.477,0.6,0.8,0.81,1.0,1.5,2.4,0.7,0.5,0.2,0.7,1.9,6.0
146,Detlef Schrempf,SF,25,DAL,82,4,19.4,3.0,6.6,0.456,0.1,0.4,0.156,2.9,6.2,0.475,0.461,2.5,3.2,0.756,1.2,2.2,3.4,1.9,0.5,0.4,1.3,2.3,8.5
147,Byron Scott,SG,26,LAL,81,81,37.6,8.8,16.6,0.527,0.8,2.2,0.346,8.0,14.4,0.554,0.55,3.4,3.9,0.858,0.9,3.2,4.1,4.1,1.9,0.3,2.0,2.5,21.7
148,Brad Sellers,SF,25,CHI,82,76,27.0,4.0,8.7,0.457,0.0,0.1,0.143,4.0,8.6,0.46,0.457,1.5,1.9,0.79,1.3,1.7,3.0,1.7,0.4,0.8,1.1,2.1,9.5
149,Purvis Short,SG,30,HOU,81,11,24.1,5.9,12.2,0.481,0.1,0.3,0.238,5.8,11.9,0.486,0.483,2.5,3.0,0.858,0.9,1.9,2.7,2.0,0.7,0.2,1.5,2.4,14.3
150,Jerry Sichting,PG,31,TOT,52,1,13.3,1.8,3.3,0.541,0.2,0.4,0.455,1.6,2.9,0.553,0.57,0.3,0.4,0.739,0.2,0.5,0.7,1.8,0.4,0.0,0.4,1.2,4.1
151,Jack Sikma*,PF,32,MIL,82,82,35.6,6.3,12.9,0.486,0.0,0.2,0.214,6.2,12.7,0.489,0.487,3.9,4.2,0.922,2.4,6.3,8.6,3.4,1.1,1.0,1.9,3.9,16.5
152,Mike Smrek,C,25,LAL,48,2,8.8,0.9,2.1,0.427,0.0,0.0,0.0,0.9,2.1,0.427,0.427,0.9,1.4,0.667,0.6,1.2,1.8,0.2,0.1,0.9,0.6,2.2,2.8
153,Rory Sparrow,PG,29,TOT,58,25,18.0,2.0,5.1,0.399,0.0,0.2,0.154,2.0,4.8,0.411,0.403,0.4,0.6,0.727,0.3,1.0,1.2,2.9,0.7,0.1,1.0,1.4,4.5
154,John Stockton*,PG,25,UTA,82,79,34.7,5.5,9.6,0.574,0.3,0.8,0.358,5.2,8.8,0.594,0.589,3.3,4.0,0.84,0.7,2.2,2.9,13.8,3.0,0.2,3.2,3.0,14.7
155,John Stroeder,PF,29,MIL,41,0,6.6,0.7,1.9,0.367,0.0,0.0,0.0,0.7,1.9,0.377,0.367,0.5,0.7,0.667,0.6,1.1,1.7,0.5,0.1,0.3,0.6,1.2,1.9
156,Jon Sundvold,PG,26,SAS,52,12,19.7,3.4,7.3,0.464,0.5,1.2,0.406,2.9,6.1,0.476,0.499,0.8,0.9,0.896,0.3,0.7,0.9,3.5,0.5,0.0,1.1,1.0,8.1
157,Roy Tarpley,PF,23,DAL,81,9,28.5,5.5,11.0,0.5,0.0,0.1,0.0,5.5,10.9,0.503,0.5,2.5,3.4,0.74,4.4,7.4,11.8,1.1,1.3,1.1,2.1,3.9,13.5
158,Isiah Thomas*,PG,26,DET,81,81,36.1,7.7,16.6,0.463,0.4,1.2,0.309,7.3,15.4,0.475,0.474,3.8,4.9,0.774,0.8,2.6,3.4,8.4,1.7,0.2,3.4,2.7,19.5
159,Mychal Thompson,C,33,LAL,80,0,25.1,4.6,9.0,0.512,0.0,0.0,0.0,4.6,9.0,0.515,0.512,2.3,3.7,0.634,2.5,3.6,6.1,0.8,0.5,1.0,1.4,3.1,11.6
160,Sedale Threatt,PG,26,TOT,71,0,14.9,3.0,6.0,0.508,0.0,0.4,0.111,3.0,5.6,0.535,0.512,0.8,1.0,0.803,0.3,0.9,1.2,2.3,0.8,0.1,0.9,1.4,6.9
161,Sedric Toney,PG,25,NYK,21,0,6.6,1.0,2.3,0.438,0.2,0.7,0.357,0.8,1.6,0.471,0.49,0.5,0.5,0.909,0.1,0.2,0.4,1.1,0.4,0.0,0.6,1.0,2.7
162,Kelly Tripucka,SF,28,UTA,49,21,19.9,2.8,6.2,0.459,0.6,1.5,0.419,2.2,4.7,0.472,0.51,1.2,1.4,0.868,0.6,1.8,2.4,2.1,0.7,0.1,1.4,1.4,7.5
163,Trent Tucker,SG,28,NYK,71,4,17.6,2.7,6.4,0.424,1.0,2.4,0.413,1.7,4.1,0.431,0.5,0.7,1.0,0.718,0.5,1.2,1.7,1.6,0.7,0.1,0.7,2.2,7.1
164,Elston Turner,SF,28,CHI,17,0,5.8,0.5,1.8,0.267,0.0,0.0,0.0,0.5,1.8,0.267,0.267,0.1,0.1,0.5,0.5,0.1,0.6,0.5,0.5,0.0,0.6,0.3,1.0
165,Melvin Turpin,C,27,UTA,79,0,12.8,2.5,4.9,0.512,0.0,0.0,0.333,2.5,4.9,0.513,0.513,0.9,1.2,0.724,1.1,1.9,3.0,0.4,0.3,0.9,0.9,2.0,5.9
166,Kiki Vandeweghe,SF,29,POR,37,7,28.1,7.6,15.1,0.508,0.6,1.6,0.379,7.1,13.5,0.523,0.528,4.3,4.9,0.878,1.0,2.0,2.9,1.9,0.6,0.2,1.3,1.8,20.2
167,Jay Vincent,SF,28,DEN,73,8,24.0,6.1,13.1,0.466,0.0,0.1,0.25,6.1,13.1,0.466,0.466,3.2,3.9,0.805,1.1,3.1,4.2,2.0,0.6,0.4,1.9,2.7,15.4
168,Sam Vincent,PG,24,TOT,72,27,20.8,2.9,6.4,0.456,0.1,0.3,0.381,2.8,6.1,0.459,0.464,2.0,2.3,0.868,0.5,1.6,2.1,5.3,0.8,0.2,1.9,2.0,8.0
169,Milt Wagner,SG,24,LAL,40,4,9.5,1.6,3.7,0.422,0.1,0.3,0.2,1.5,3.4,0.438,0.429,0.7,0.7,0.897,0.1,0.6,0.7,1.5,0.2,0.1,0.6,1.1,3.8
170,Darrell Walker,SG,26,WSB,52,0,18.1,2.2,5.6,0.392,0.0,0.1,0.0,2.2,5.5,0.4,0.392,1.6,2.0,0.781,0.8,1.6,2.4,1.9,1.2,0.2,1.3,2.0,6.0
171,Kenny Walker,SF,23,NYK,82,61,26.1,4.2,8.9,0.473,0.0,0.0,0.0,4.2,8.9,0.473,0.473,1.7,2.2,0.775,2.3,2.4,4.7,1.0,0.8,0.7,1.0,3.5,10.1
172,Chris Washburn,C,22,TOT,37,0,7.0,1.0,2.2,0.444,0.0,0.0,0.0,1.0,2.2,0.444,0.444,0.5,0.8,0.581,0.8,1.3,2.0,0.2,0.1,0.2,0.5,0.8,2.4
173,Spud Webb,PG,24,ATL,82,1,16.4,2.3,4.9,0.475,0.0,0.2,0.053,2.3,4.7,0.496,0.476,1.3,1.6,0.817,0.2,1.6,1.8,4.1,0.8,0.1,1.6,1.5,6.0
174,Bill Wennington,C,24,DAL,30,0,4.2,0.8,1.6,0.51,0.0,0.1,0.5,0.8,1.6,0.511,0.52,0.4,0.6,0.632,0.5,0.8,1.3,0.1,0.2,0.3,0.3,1.1,2.1
175,Dominique Wilkins*,SF,28,ATL,78,76,37.8,11.7,25.1,0.464,0.5,1.7,0.295,11.2,23.4,0.476,0.474,6.9,8.4,0.826,2.7,3.7,6.4,2.9,1.3,0.6,2.8,2.1,30.7
176,Gerald Wilkins,SG,24,NYK,81,78,33.4,7.3,16.3,0.446,0.5,1.6,0.302,6.8,14.8,0.462,0.461,2.4,3.0,0.786,1.3,2.0,3.3,4.0,1.1,0.3,2.6,2.3,17.4
177,Hot Rod Williams,PF,25,CLE,77,50,27.4,4.1,8.6,0.477,0.0,0.0,0.0,4.1,8.6,0.477,0.477,2.7,3.6,0.756,2.1,4.5,6.6,1.3,0.8,1.9,1.4,2.6,10.9
178,John Williams,SF,21,WSB,82,37,29.6,5.2,11.1,0.469,0.1,0.5,0.132,5.1,10.6,0.484,0.472,2.3,3.1,0.734,1.5,3.9,5.4,2.8,1.4,0.4,1.8,2.6,12.8
179,Kevin Williams,SG,26,SEA,80,9,13.6,2.5,5.6,0.442,0.0,0.1,0.143,2.5,5.5,0.447,0.443,1.3,1.5,0.844,0.8,0.8,1.6,1.2,0.8,0.1,0.9,2.6,6.3
180,Kevin Willis,PF,25,ATL,75,55,27.9,4.7,9.2,0.518,0.0,0.0,0.0,4.7,9.1,0.52,0.518,2.1,3.3,0.649,3.1,4.2,7.3,0.4,0.9,0.5,1.8,3.2,11.6
181,Ricky Wilson,PG,23,TOT,24,1,17.5,1.8,4.6,0.391,0.4,1.1,0.385,1.4,3.5,0.393,0.436,1.2,1.7,0.725,0.1,1.0,1.1,2.9,1.0,0.1,1.0,1.7,5.2
182,Randy Wittman,SG,28,ATL,82,82,29.4,4.6,9.6,0.478,0.0,0.0,0.0,4.6,9.6,0.478,0.478,0.9,1.1,0.798,0.5,1.6,2.1,3.7,0.6,0.2,1.0,1.4,10.0
183,Leon Wood,PG,25,TOT,52,8,17.5,2.6,6.0,0.436,1.0,2.4,0.409,1.6,3.6,0.454,0.519,1.5,1.9,0.768,0.3,0.8,1.1,3.3,0.5,0.0,0.8,1.0,7.7
184,James Worthy*,SF,26,LAL,75,72,35.4,8.2,15.5,0.531,0.0,0.2,0.125,8.2,15.3,0.537,0.532,3.2,4.1,0.796,1.7,3.3,5.0,3.9,1.0,0.7,2.1,2.3,19.7
185,Danny Young,PG,25,SEA,77,0,12.3,1.2,2.8,0.408,0.3,1.0,0.286,0.9,1.8,0.475,0.459,0.6,0.7,0.811,0.2,0.7,1.0,2.8,0.7,0.0,0.5,0.9,3.2
186,Phil Zevenbergen,C,23,SAS,8,0,7.3,1.9,3.4,0.556,0.0,0.0,0.0,1.9,3.4,0.556,0.556,0.0,0.3,0.0,0.5,1.1,1.6,0.4,0.4,0.1,0.5,1.5,3.8
